{
	"schemaVersion": 1,
	"id": "villagerscatch",
	"version": "${version}",
	"name": "VillagersCatch",
	"description": "This is an example description! Tell everyone what your mod is about!",
	"authors": [
		"Me!"
	],
	"contact": {
		"homepage": "https://fabricmc.net/",
		"sources": "https://github.com/FabricMC/fabric-example-mod"
	},
	"license": "CC0-1.0",
	"icon": "assets/villagerscatch/icon.png",
	"environment": "*",
	"entrypoints": {
		"main": [
			"com.moddersapptolast.VillagersCatch"
		],
		"client": [
			"com.moddersapptolast.VillagersCatchClient"
		]
	},
	"mixins": [
		"villagerscatch.mixins.json",
		{
			"config": "villagerscatch.client.mixins.json",
			"environment": "client"
		}
	],
	"depends": {
		"fabricloader": ">=0.18.2",
		"minecraft": "~1.21.10",
		"java": ">=21",
		"fabric-api": "*"
	},
	"suggests": {
		"another-mod": "*"
	}
}